NUM_CHANNELS,TRAIN-LOSS,VAL-LOSS,TRAIN-ACCURACY,VAL-ACCURACY
12,0.6249135361800014,0.6226429129150551,0.6482414205224518,0.6432825943084051
24,0.6276168294347331,0.6218895156618575,0.6463404255319148,0.6406353408338848
48,0.627433795258349,0.6181360657366228,0.629713355637942,0.6470328700639753
