NUM_CHANNELS,TRAIN-LOSS,VAL-LOSS,TRAIN-ACCURACY,VAL-ACCURACY
3,0.6311992926586992,0.6482003376453738,0.6460178748758689,0.6062475129327497
5,0.628413940918624,0.6352988560742969,0.6510435737824972,0.649025069637883
7,0.638953863025792,0.6383527502228942,0.6160834010085177,0.6048547552725826
