NUM_CHANNELS,TRAIN-LOSS,VAL-LOSS,TRAIN-ACCURACY,VAL-ACCURACY
12,0.6316181742729426,0.6299427221082661,0.6279681121631152,0.6401547721410146
24,0.6333043161243898,0.6314772363394907,0.6284250156870947,0.6386500429922614
48,0.6365364677833384,0.6311030853284548,0.6214724403327373,0.6343508168529665
96,0.6391457571809415,0.6326974062886956,0.6160145932696145,0.6356405846947549
