NUM_CHANNELS,TRAIN-LOSS,VAL-LOSS,TRAIN-ACCURACY,VAL-ACCURACY
12,0.6395146864358863,0.6495053304121798,0.6381102936705783,0.6068878622427551
24,0.64832609124812,0.6469216426746958,0.6043551927297932,0.6058378832423351
48,0.6474666911099345,0.6471274843151937,0.6058425063505504,0.6031079378412432
