NUM_CHANNELS,TRAIN-LOSS,VAL-LOSS,TRAIN-ACCURACY,VAL-ACCURACY
3,0.2554833059802429,0.25675556705479163,0.9130503760942196,0.916776750330251
5,0.25381246083396397,0.25161497036825464,0.9172900454108647,0.9187582562747688
7,0.2552060322934547,0.2529664947146393,0.9143766787505401,0.9191356859784865
