NUM_CHANNELS,TRAIN-LOSS,VAL-LOSS,TRAIN-ACCURACY,VAL-ACCURACY
3,0.6444118969438852,0.649171863012253,0.6153765072940383,0.623574144486692
5,0.6400342007183829,0.6579976476681461,0.6377106275038753,0.590754452671603
7,0.6416194226225294,0.6441760822466225,0.6346615071447286,0.6331799079447669
