SIZE,TRAIN-LOSS,VAL-LOSS,TRAIN-ACCURACY,VAL-ACCURACY
256,0.6515719248698308,0.6489876984800182,0.6012890812890813,0.608102766798419
512,0.6415132965003291,0.6459106113175926,0.6315311863518119,0.6314229249011858
1024,0.6435245283924829,0.6601185277572967,0.631214221150949,0.5907114624505929
2048,0.6422710860160089,0.6458099334494872,0.6337917406033231,0.6318181818181818
4096,0.6479327421763847,0.6468377971799119,0.602020979693966,0.6160079051383399
8192,0.6429125674329168,0.6609958473991298,0.6331547558880016,0.5889328063241107
