SIZE,TRAIN-LOSS,VAL-LOSS,TRAIN-ACCURACY,VAL-ACCURACY
256,0.6245699676420118,0.6125091326316731,0.6472397844443502,0.664416789706813
512,0.6229665338099206,0.6118546366291558,0.6525519445924347,0.6625184560219363
1024,0.6230641941565114,0.6122601878323011,0.6522464671215226,0.6587217886521831
2048,0.6238095433095906,0.6146874667814114,0.6371491247705601,0.6363636363636364
4096,0.6235621623306125,0.615713103505589,0.6366216699445736,0.6334106728538283
8192,0.6226821779187629,0.6119035372398044,0.652032,0.659354566547142
