SIZE,TRAIN-LOSS,VAL-LOSS,TRAIN-ACCURACY,VAL-ACCURACY
256,0.6329532691382928,0.6488664837678274,0.6449836412038448,0.6160452450775031
512,0.6352647754855936,0.6464499195416769,0.6377735961176587,0.6206535400083787
1024,0.6324756419072386,0.6433759899934133,0.6293900382160166,0.6162547130289066
2048,0.638342697921126,0.6433477624257405,0.617590206185567,0.6093422706325932
4096,0.6359498454917292,0.6427260080973307,0.6180056692424184,0.6137410976120653
8192,0.6380370252798149,0.644359060327212,0.6169096209912537,0.6225387515710097
