SIZE,TRAIN-LOSS,VAL-LOSS,TRAIN-ACCURACY,VAL-ACCURACY
256,0.6318866873667137,0.6309581425539248,0.6424735460259369,0.6471291866028708
512,0.634813371139872,0.6352132976434792,0.625648288933786,0.6062599681020734
1024,0.6323448478077388,0.6444186325285844,0.6433749776550738,0.6028708133971292
2048,0.6333410065760587,0.6342160287936023,0.6274087698031183,0.623006379585327
4096,0.6369389195187334,0.634536641608378,0.6168253351466874,0.6070574162679426
8192,0.6331655337449781,0.6309297462557532,0.6431084169730696,0.6445374800637959
