SIZE,TRAIN-LOSS,VAL-LOSS,TRAIN-ACCURACY,VAL-ACCURACY
256,0.6253414143149446,0.6316288535084044,0.6325299854276426,0.6244961934617107
512,0.6210297876949934,0.635980230144092,0.6547705288277155,0.6220331392745185
1024,0.623837340313123,0.6332208245992661,0.6524362938479582,0.6283027317510076
2048,0.6245841215662404,0.633398990545954,0.6524578308127539,0.6258396775638155
4096,0.6253758752604838,0.6325588664838246,0.648548342629313,0.6276309896999552
8192,0.6236227189565634,0.6342859242643629,0.6511652746032085,0.6269592476489029
